Issue Name,Issue Type,Issue Priority,URLs,% of Total,Description,How To Fix,Help URL
Page Titles: Over 60 Characters,Opportunity,Medium,42,49.41,Pages which have page titles that exceed the configured limit. Characters over this limit might be truncated in Google's search results and carry less weight in scoring.,"Write concise page titles to ensure important words are not truncated in the search results, not visible to users and potentially weighted less in scoring.",
Response Codes: Internal Client Error (4xx),Issue,High,50,33.11,"Internal URLs with a client-side error. This indicates a problem occurred with the URL request and can include responses such as 400 bad request, 403 Forbidden, 404 Page Not Found, 410 Removed, 429 Too Many Requests and more. A 404 'Page Not Found' is the most common, and often referred to as a broken link. View URLs that link to errors using the lower 'inlinks' tab and export them in bulk via 'Bulk Export > Response Codes > Internal > Client Error (4xx) inlinks'.","All links on a website should ideally resolve to 200 'OK' URLs. Errors such as a 404 or 410 should be updated to their correct locations, removed and redirected where appropriate. A 403 forbidden error occurs when a web server denies access to the SEO Spider's request and can often be resolved by switching the user-agent to Chrome via 'Config > User-Agent' and crawling again.",
H2: Non-Sequential,Warning,Low,6,7.06,"Pages with an <h2> that is not the second heading level after the <h1> on the page. Heading elements should be in a logical sequentially-descending order. The purpose of heading elements is to convey the structure of the page and they should be in logical order from <h1> to <h6>, which helps navigating the page and users that rely on assistive technologies.","Ensure the <h2> is the second heading on the page. Headings should be in a logical sequential order from <h1> to <h6>. Review and update page heading levels so they are descending in order, for example the heading element following an <h1> should be an <h2>, rather than an <h3>.",
Security: Missing X-Content-Type-Options Header,Warning,Low,2,1.4,"URLs that are missing the 'X-Content-Type-Options' response header with a 'nosniff' value. In the absence of a MIME type, browsers may 'sniff' to guess the content type to interpret it correctly for users. However, this can be exploited by attackers who can try and load malicious code, such as JavaScript via an image they have compromised.","To minimise security issues, the X-Content-Type-Options response header should be supplied and set to 'nosniff'. This instructs browsers to rely only on the Content-Type header and block anything that does not match accurately. This also means the content-type set needs to be accurate.",
H1: Non-Sequential,Warning,Low,43,50.59,"Pages with an <h1> that is not the first heading on the page. Heading elements should be in a logical sequentially-descending order. The purpose of heading elements is to convey the structure of the page and they should be in logical order from <h1> to <h6>, which helps navigating the page and users that rely on assistive technologies.","Ensure the <h1> is the first heading on the page. Headings should be in a logical sequential order from <h1> to <h6>. Review and update page heading levels so they are descending in order, for example the first heading level should be an <h1>, and this should be followed by an <h2>.",
Security: Unsafe Cross-Origin Links,Warning,Low,85,59.44,"URLs that link to external websites using the target=""_blank"" attribute (to open in a new tab), without using rel=""noopener"" (or rel=""noreferrer"") at the same time. Using target=""_blank"" alone leaves those pages exposed to both security and performance issues for some legacy browsers, which are estimated to be below 5% of market share. Setting target=""_blank"" on <a> elements implicitly provides the same rel behavior as setting rel=""noopener"" which does not set window.opener for most modern browsers, such as Chrome, Safari, Firefox and Edge.  The external links that contain the target=""_blank"" attribute by itself can be viewed in the 'outlinks' tab and 'target' column. They can be exported alongside the pages they are linked from via 'Bulk Export > Security > Unsafe Cross-Origin Links'.","Consider the benefits of including the rel=""noopener"" link attribute on any links that contain the target=""_blank"" attribute to avoid security and performance issues for the users of legacy browsers that may visit the website.",
Meta Description: Over 985 Pixels,Opportunity,Low,39,45.88,"Pages which have meta descriptions over Google's estimated pixel length limit for snippets. Google snippet length is actually based upon pixels limits, rather than a character length. The SEO Spider tries to match the latest pixel truncation points in the SERPs, but it is an approximation and Google adjusts them frequently.","Write concise meta descriptions to ensure important words are not truncated in the search results, and not visible to users.",
Links: Pages With High External Outlinks,Warning,Low,5,5.88,"Pages that have a high number of followed external outlinks on them based upon the 'High External Outlinks' preferences under 'Config > Spider > Preferences'. External outlinks are hyperlinks to another subdomain or domain (depending on your configuration). This might be completely valid, such as linking to another part of the same root domain, or linking to other useful websites. External followed outlinks can be seen in the 'Outlinks' tab, with the 'All Link Types' filter set to 'Hyperlinks' where the 'Follow' column is 'True'.","Review followed external outlinks to ensure they are to credible, trusted and relevant websites that are useful to your users.",
Content: Readability Difficult,Opportunity,Low,27,31.76,Copy on the page is difficult to read and best understood by college graduates according to the Flesch reading-ease score formula. Copy that has long sentences and uses complex words are generally harder to read and understand.,Consider improving the readability of copy for your target audience. Copy that uses shorter sentences with less complex words is often easier to read and understand.,
H2: Multiple,Warning,Low,41,48.24,"Pages which have multiple <h2>s. This is not an issue as HTML standards allow multiple <h2>'s when used in a logical hierarchical heading structure. However, this filter can help you quickly scan to review if they are used appropriately.","Ensure <h2>s are used in a logical hierarchical heading structure, and update where appropriate utilising the full heading rank between (h3 - h6) for additional headings.",
Security: Missing Secure Referrer-Policy Header,Warning,Low,2,1.4,"URLs missing 'no-referrer-when-downgrade', 'strict-origin-when-cross-origin', 'no-referrer' or 'strict-origin' policies in the Referrer-Policy header. When using HTTPS, it's important that the URLs do not leak in non-HTTPS requests. This can expose users to 'man in the middle' attacks, as anyone on the network can view them.","Consider setting a referrer policy of strict-origin-when-cross-origin. It retains much of the referrer's usefulness, while mitigating the risk of leaking data cross-origins.",
Images: Missing Size Attributes,Opportunity,Low,2,100,Image elements without dimensions (width and height size attributes) specified in the HTML. This can cause large layout shifts as the page loads and be frustrating experience for users. It is one of the major reasons that contributes to a high Cumulative Layout Shift (CLS).,"Define all image sizes as their native size using width and height attributes in the HTML. This allows the browser to calculate enough space for each image before it loads, avoiding large layout shifts.",
Meta Description: Below 70 Characters,Opportunity,Low,1,1.18,"Pages which have meta descriptions below the configured limit. This isn't strictly an issue, but an opportunity. There is additional room to communicate benefits, USPs or call to actions.","Consider updating the meta description to take advantage of the space left to include additional benefits, USPs or call to actions to improve click through rates (CTR).",
Page Titles: Over 561 Pixels,Opportunity,Medium,42,49.41,"Pages which have page titles over Google's estimated pixel length limit for titles in search results. Google snippet length is actually based upon pixels limits, rather than a character length. The SEO Spider tries to match the latest pixel truncation points in the SERPs, but it is an approximation and Google adjusts them frequently.","Write concise page titles to ensure important words are not truncated in the search results, not visible to users and potentially weighted less in scoring.",
Meta Description: Over 155 Characters,Opportunity,Low,38,44.71,Pages which have meta descriptions over the configured limit. Characters over this limit might be truncated in Google's search results.,"Write concise meta descriptions to ensure important words are not truncated in the search results, and not visible to users.",
Security: Bad Content Type,Warning,Low,2,1.4,"This indicates any URLs where the actual content type does not match the content type set in the header. It also identifies any invalid MIME types used. When the X-Content-Type-Options: nosniff response header is set by the server this is particularly important, as browsers rely on the content type header to correctly process the page. This can cause HTML web pages to be downloaded instead of being rendered when they are served with a MIME type other than text/html for example.","Analyse URLs identified with a bad content type, and set an accurate MIME type in the content-type header.",
Links: Non-Descriptive Anchor Text In Internal Outlinks,Opportunity,Low,2,2.35,"Pages that have internal outlinks with anchor text that is not descriptive, such as 'click here' or 'learn more' based upon the preferences under 'Config > Spider > Preferences'. Anchor text is the visible text and words used in hyperlinks that provide users and search engines context about the content of the target page. Internal outlinks with non-descriptive anchor text can be seen in the 'Outlinks' tab, with the 'All Link Types' filter set to 'Hyperlinks', where the 'Anchor Text' column has words such as 'click here', or 'learn more'. Export in bulk via 'Bulk Export > Links > Non-Descriptive Anchor Text In Internal Outlinks'.",Review the non-descriptive anchor text in outlinks and where appropriate update them to include useful and descriptive anchor text to help provide context to both users and search engines.,
Images: Over 100 kB,Opportunity,Medium,2,100,"Large images over a size threshold. Page speed is extremely important for users and SEO and often large resources such as images are one of the most common issues that slow down web pages. This filter simply acts as a general rule of thumb to help identify images that are fairly large in file size and may take longer to load. These should be considered for optimisation, alongside opportunities identified in the PageSpeed tab which uses the PSI API and Lighthouse to audit speed. This can help identify images that haven't been optimised in size, load offscreen, are unoptimised etc.","Uncompressed images bloat pages with unnecessary bytes, so ensure images are optimised with compression, properly scaled, and using the best image format to reduce file size where possible.",
URL: Parameters,Warning,Low,5,3.5,"URLs that include parameters such as '?' or '&'. This isn't an issue for Google or other search engines to crawl unless at significant scale, but it's recommended to limit the number of parameters in a URL which can be complicated for users, and can be a sign of low value-add URLs.","Where possible use a static URL structure without parameters for key indexable URLs. However, changing URLs is a big decision, and often it's not worth changing them for SEO purposes alone. If URLs are changed, then appropriate 301 redirects must be implemented.",
Canonicals: Canonicalised,Warning,High,42,49.41,"Pages that have a canonical to a different URL. The URL is 'canonicalised' to another location. This means the search engines are being instructed to not index the page, and the indexing and linking properties should be consolidated to the URL in the canonical.","These URLs should be reviewed carefully to ensure the indexing and link signals are being consolidated to the correct URL. In a perfect world, a website wouldn't need to canonicalise any URLs as only canonical versions would be linked to internally on a website, but often they are required due to various circumstances outside of control, and to prevent duplicate content. Update internal links to canonical versions of URLs where possible.",
Security: Missing HSTS Header,Warning,Low,2,1.4,"URLs that are missing the HSTS response header. The HTTP Strict-Transport-Security response header (HSTS) instructs browsers that it should only be accessed using HTTPS, rather than HTTP. If a website accepts a connection to HTTP, before being redirected to HTTPS, visitors will initially still communicate over HTTP. The HSTS header instructs the browser to never load over HTTP and to automatically convert all requests to HTTPS.","The HSTS header should be used across all pages to instruct the browser that it should always request pages via HTTPS, rather than HTTP.",
H2: Duplicate,Opportunity,Low,3,3.53,"Pages which have duplicate <h2>s. It's important to have distinct, unique and useful pages. If every page has the same <h2>, then it can make it more challenging for users and the search engines to understand one page from another.","Update duplicate <h2>s as necessary, so important pages contain a unique and descriptive <h2> for users and search engines.  If these are duplicate pages, then fix the duplicated pages by linking to a single version, and redirect or use canonicals where appropriate.",
URL: Uppercase,Warning,Low,5,3.5,"URLs that have uppercase characters within them. URLs are case sensitive, so as best practice generally URLs should be lowercase, to avoid any potential mix ups and duplicate URLs.","Ideally lowercase characters should be used for URLs only. However, changing URLs is a big decision, and often it's not worth changing them for SEO purposes alone. If URLs are changed, then appropriate 301 redirects must be implemented.",
Security: Missing Content-Security-Policy Header,Warning,Low,2,1.4,"URLs that are missing the Content-Security-Policy response header. This header allows a website to control which resources are loaded for a page. This policy can help guard against cross-site scripting (XSS) attacks that exploit the browser's trust of the content received from the server. The SEO Spider only checks for existence of the header, and does not interrogate the policies found within the header to determine whether they are well set-up for the website. This should be performed manually.",Set a strict Content-Security-Policy response header across all page to help mitigate cross site scripting (XSS) and data injection attacks.,
Security: Missing X-Frame-Options Header,Warning,Low,2,1.4,"URLs missing an X-Frame-Options response header with a 'DENY' or 'SAMEORIGIN' value. This instructs the browser not to render a page within a frame, iframe, embed or object. This helps avoid 'clickjacking' attacks, where your content is displayed on another web page that is controlled by an attacker.","To minimise security issues, the X-Frame-Options response header should be supplied with a 'DENY' or 'SAMEORIGIN' value.",
